	html
0	
1	"software: Heritrix/3.1.1-SNAPSHOT-20120210.102032 http://crawler.archive.org
format: WARC File Format 1.0 conformsTo:
http://bibnum.bnf.fr/WARC/WARC_ISO_28500_version1_latestdraft.pdf isPartOf:
ClueWeb12 description: The Lemur Project's ClueWeb12 dataset
(http://lemurproject.org/)"
2	"[rss §](http://tsawer.net/feed/) [atom §](http://tsawer.net/feed/atom/)
[rdf](http://tsawer.net/feed/rdf/)
# [Photos aggregator](http://www.tsawer.net)
dynamic content
Search:
* [![](http://tsawer.net/wpaggregator/wp-content/themes/ocular-professor/home.jpg)](http://tsawer.net)
* [Add album/Contact us](http://tsawer.net/add-blog-photo-album/)
* [News](http://tsawer.net/news/)
* [Reviews](http://tsawer.net/reviewstips/)
[shaggyshoo](http://www.flickr.com/people/teesha/) has added a photo to the
pool:
[![](http://farm8.staticflickr.com/7009/6851802115_cc39369d4b_m.jpg)](http://www.flickr.com/photos/teesha/6851802115/)
annecy. france.
[![Share](http://tsawer.net/wpaggregator/wp-content/plugins/add-to-
any/share_save_171_16.gif)](http://www.addtoany.com/share_save)
## France image Pool 2012-02-10 16:22:52
* February 10th, 2012
* ## Tags cloud
[2008](http://tsawer.net/tag/2008/ ""515 topics"") [amateur
photographer](http://tsawer.net/tag/amateur-photographer/ ""2,320 topics"")
[baby](http://tsawer.net/tag/baby/ ""241 topics"")
[blue](http://tsawer.net/tag/blue/ ""275 topics"")
[car](http://tsawer.net/tag/car/ ""283 topics"")
[cat](http://tsawer.net/tag/cat/ ""324 topics"")
[con](http://tsawer.net/tag/con/ ""292 topics"") [ct](http://tsawer.net/tag/ct/
""1,203 topics"") [ds](http://tsawer.net/tag/ds/ ""1,108 topics"")
[el](http://tsawer.net/tag/el/ ""1,149 topics"")
[est](http://tsawer.net/tag/est/ ""332 topics"")
[flickr](http://tsawer.net/tag/flickr/ ""4,469 topics"")
[hot](http://tsawer.net/tag/hot/ ""5,162 topics"")
[ice](http://tsawer.net/tag/ice/ ""178 topics"")
[image](http://tsawer.net/tag/image/ ""439 topics"")
[la](http://tsawer.net/tag/la/ ""1,614 topics"")
[lady](http://tsawer.net/tag/lady/ ""401 topics"")
[man](http://tsawer.net/tag/man/ ""384 topics"") [me](http://tsawer.net/tag/me/
""1,397 topics"") [men](http://tsawer.net/tag/men/ ""501 topics"")
[mer](http://tsawer.net/tag/mer/ ""205 topics"") [nb](http://tsawer.net/tag/nb/
""338 topics"") [ol](http://tsawer.net/tag/ol/ ""1,617 topics"")
[one](http://tsawer.net/tag/one/ ""183 topics"")
[people](http://tsawer.net/tag/people/ ""4,450 topics"")
[photo](http://tsawer.net/tag/photo/ ""5,322 topics"")
[photos](http://tsawer.net/tag/photos/ ""5,157 topics"") [photos pictures
amateur photographer](http://tsawer.net/tag/photospicturesamateur-
photographer/ ""1,372 topics"") [pictures](http://tsawer.net/tag/pictures/
""2,370 topics"") [port](http://tsawer.net/tag/port/ ""192 topics"")
[q](http://tsawer.net/tag/q/ ""700 topics"") [ran](http://tsawer.net/tag/ran/
""407 topics"") [red](http://tsawer.net/tag/red/ ""275 topics"")
[riot](http://tsawer.net/tag/riot/ ""236 topics"")
[Tunis](http://tsawer.net/tag/tunis/ ""732 topics"")
[Tunisia](http://tsawer.net/tag/tunisia/ ""506 topics"")
[up](http://tsawer.net/tag/up/ ""327 topics"") [us](http://tsawer.net/tag/us/
""760 topics"") [vie](http://tsawer.net/tag/vie/ ""250 topics"")
[xt](http://tsawer.net/tag/xt/ ""189 topics"")
WP Cumulus Flash tag cloud by [Roy Tanck](http://www.roytanck.com) and [Luke
Morton](http://lukemorton.co.uk/) requires [Flash
Player](http://www.macromedia.com/go/getflashplayer) 9 or better.
* ## [Twits from 'photobabble'](http://twitter.com/photobabble)
* No public Twitter messages.
[Based on Ocular Professor](http://andreamignolo.com/themes/wordpress/ocular-
professor) § Powered by [WordPress](http://wordpress.org)
[ ![Site
Meter](http://s24.sitemeter.com/meter.asp?site=s24tsawer)](http://s24.sitemeter.com/stats.asp?site=s24tsawer)"
3	"[rss §](http://tsawer.net/feed/) [atom §](http://tsawer.net/feed/atom/)
[rdf](http://tsawer.net/feed/rdf/)
# [Photos aggregator](http://www.tsawer.net)
dynamic content
Search:
* [![](http://tsawer.net/wpaggregator/wp-content/themes/ocular-professor/home.jpg)](http://tsawer.net)
* [Add album/Contact us](http://tsawer.net/add-blog-photo-album/)
* [News](http://tsawer.net/news/)
* [Reviews](http://tsawer.net/reviewstips/)
[bleumarie](http://www.flickr.com/people/marie_bousquet/) has added a photo to
the pool:
[![Le Canigou dans la
brume](http://farm8.staticflickr.com/7028/6851355679_007df5c6c9_m.jpg)](http://www.flickr.com/photos/marie_bousquet/6851355679/
""Le Canigou dans la brume"")
[![Share](http://tsawer.net/wpaggregator/wp-content/plugins/add-to-
any/share_save_171_16.gif)](http://www.addtoany.com/share_save)
## Le Canigou dans la brume
* February 10th, 2012
* ## Tags cloud
[2008](http://tsawer.net/tag/2008/ ""515 topics"") [amateur
photographer](http://tsawer.net/tag/amateur-photographer/ ""2,320 topics"")
[baby](http://tsawer.net/tag/baby/ ""241 topics"")
[blue](http://tsawer.net/tag/blue/ ""275 topics"")
[car](http://tsawer.net/tag/car/ ""283 topics"")
[cat](http://tsawer.net/tag/cat/ ""324 topics"")
[con](http://tsawer.net/tag/con/ ""292 topics"") [ct](http://tsawer.net/tag/ct/
""1,203 topics"") [ds](http://tsawer.net/tag/ds/ ""1,108 topics"")
[el](http://tsawer.net/tag/el/ ""1,149 topics"")
[est](http://tsawer.net/tag/est/ ""332 topics"")
[flickr](http://tsawer.net/tag/flickr/ ""4,469 topics"")
[hot](http://tsawer.net/tag/hot/ ""5,162 topics"")
[ice](http://tsawer.net/tag/ice/ ""178 topics"")
[image](http://tsawer.net/tag/image/ ""439 topics"")
[la](http://tsawer.net/tag/la/ ""1,614 topics"")
[lady](http://tsawer.net/tag/lady/ ""401 topics"")
[man](http://tsawer.net/tag/man/ ""384 topics"") [me](http://tsawer.net/tag/me/
""1,397 topics"") [men](http://tsawer.net/tag/men/ ""501 topics"")
[mer](http://tsawer.net/tag/mer/ ""205 topics"") [nb](http://tsawer.net/tag/nb/
""338 topics"") [ol](http://tsawer.net/tag/ol/ ""1,617 topics"")
[one](http://tsawer.net/tag/one/ ""183 topics"")
[people](http://tsawer.net/tag/people/ ""4,450 topics"")
[photo](http://tsawer.net/tag/photo/ ""5,322 topics"")
[photos](http://tsawer.net/tag/photos/ ""5,157 topics"") [photos pictures
amateur photographer](http://tsawer.net/tag/photospicturesamateur-
photographer/ ""1,372 topics"") [pictures](http://tsawer.net/tag/pictures/
""2,370 topics"") [port](http://tsawer.net/tag/port/ ""192 topics"")
[q](http://tsawer.net/tag/q/ ""700 topics"") [ran](http://tsawer.net/tag/ran/
""407 topics"") [red](http://tsawer.net/tag/red/ ""275 topics"")
[riot](http://tsawer.net/tag/riot/ ""236 topics"")
[Tunis](http://tsawer.net/tag/tunis/ ""732 topics"")
[Tunisia](http://tsawer.net/tag/tunisia/ ""506 topics"")
[up](http://tsawer.net/tag/up/ ""327 topics"") [us](http://tsawer.net/tag/us/
""760 topics"") [vie](http://tsawer.net/tag/vie/ ""250 topics"")
[xt](http://tsawer.net/tag/xt/ ""189 topics"")
WP Cumulus Flash tag cloud by [Roy Tanck](http://www.roytanck.com) and [Luke
Morton](http://lukemorton.co.uk/) requires [Flash
Player](http://www.macromedia.com/go/getflashplayer) 9 or better.
* ## [Twits from 'photobabble'](http://twitter.com/photobabble)
* No public Twitter messages.
[Based on Ocular Professor](http://andreamignolo.com/themes/wordpress/ocular-
professor) § Powered by [WordPress](http://wordpress.org)
[ ![Site
Meter](http://s24.sitemeter.com/meter.asp?site=s24tsawer)](http://s24.sitemeter.com/stats.asp?site=s24tsawer)"
4	"[rss §](http://tsawer.net/feed/) [atom §](http://tsawer.net/feed/atom/)
[rdf](http://tsawer.net/feed/rdf/)
# [Photos aggregator](http://www.tsawer.net)
dynamic content
Search:
* [![](http://tsawer.net/wpaggregator/wp-content/themes/ocular-professor/home.jpg)](http://tsawer.net)
* [Add album/Contact us](http://tsawer.net/add-blog-photo-album/)
* [News](http://tsawer.net/news/)
* [Reviews](http://tsawer.net/reviewstips/)
[bleumarie](http://www.flickr.com/people/marie_bousquet/) has added a photo to
the pool:
[![Le manoir derrière le
palmier](http://farm8.staticflickr.com/7148/6851350995_3927616fd8_m.jpg)](http://www.flickr.com/photos/marie_bousquet/6851350995/
""Le manoir derrière le palmier"")
[![Share](http://tsawer.net/wpaggregator/wp-content/plugins/add-to-
any/share_save_171_16.gif)](http://www.addtoany.com/share_save)
## Le manoir derrière le palmier
* February 10th, 2012
* ## Tags cloud
[2008](http://tsawer.net/tag/2008/ ""515 topics"") [amateur
photographer](http://tsawer.net/tag/amateur-photographer/ ""2,320 topics"")
[baby](http://tsawer.net/tag/baby/ ""241 topics"")
[blue](http://tsawer.net/tag/blue/ ""275 topics"")
[car](http://tsawer.net/tag/car/ ""283 topics"")
[cat](http://tsawer.net/tag/cat/ ""324 topics"")
[con](http://tsawer.net/tag/con/ ""292 topics"") [ct](http://tsawer.net/tag/ct/
""1,203 topics"") [ds](http://tsawer.net/tag/ds/ ""1,108 topics"")
[el](http://tsawer.net/tag/el/ ""1,149 topics"")
[est](http://tsawer.net/tag/est/ ""332 topics"")
[flickr](http://tsawer.net/tag/flickr/ ""4,469 topics"")
[hot](http://tsawer.net/tag/hot/ ""5,162 topics"")
[ice](http://tsawer.net/tag/ice/ ""178 topics"")
[image](http://tsawer.net/tag/image/ ""439 topics"")
[la](http://tsawer.net/tag/la/ ""1,614 topics"")
[lady](http://tsawer.net/tag/lady/ ""401 topics"")
[man](http://tsawer.net/tag/man/ ""384 topics"") [me](http://tsawer.net/tag/me/
""1,397 topics"") [men](http://tsawer.net/tag/men/ ""501 topics"")
[mer](http://tsawer.net/tag/mer/ ""205 topics"") [nb](http://tsawer.net/tag/nb/
""338 topics"") [ol](http://tsawer.net/tag/ol/ ""1,617 topics"")
[one](http://tsawer.net/tag/one/ ""183 topics"")
[people](http://tsawer.net/tag/people/ ""4,450 topics"")
[photo](http://tsawer.net/tag/photo/ ""5,322 topics"")
[photos](http://tsawer.net/tag/photos/ ""5,157 topics"") [photos pictures
amateur photographer](http://tsawer.net/tag/photospicturesamateur-
photographer/ ""1,372 topics"") [pictures](http://tsawer.net/tag/pictures/
""2,370 topics"") [port](http://tsawer.net/tag/port/ ""192 topics"")
[q](http://tsawer.net/tag/q/ ""700 topics"") [ran](http://tsawer.net/tag/ran/
""407 topics"") [red](http://tsawer.net/tag/red/ ""275 topics"")
[riot](http://tsawer.net/tag/riot/ ""236 topics"")
[Tunis](http://tsawer.net/tag/tunis/ ""732 topics"")
[Tunisia](http://tsawer.net/tag/tunisia/ ""506 topics"")
[up](http://tsawer.net/tag/up/ ""327 topics"") [us](http://tsawer.net/tag/us/
""760 topics"") [vie](http://tsawer.net/tag/vie/ ""250 topics"")
[xt](http://tsawer.net/tag/xt/ ""189 topics"")
WP Cumulus Flash tag cloud by [Roy Tanck](http://www.roytanck.com) and [Luke
Morton](http://lukemorton.co.uk/) requires [Flash
Player](http://www.macromedia.com/go/getflashplayer) 9 or better.
* ## [Twits from 'photobabble'](http://twitter.com/photobabble)
* No public Twitter messages.
[Based on Ocular Professor](http://andreamignolo.com/themes/wordpress/ocular-
professor) § Powered by [WordPress](http://wordpress.org)
[ ![Site
Meter](http://s24.sitemeter.com/meter.asp?site=s24tsawer)](http://s24.sitemeter.com/stats.asp?site=s24tsawer)"
5	"[rss §](http://tsawer.net/feed/) [atom §](http://tsawer.net/feed/atom/)
[rdf](http://tsawer.net/feed/rdf/)
# [Photos aggregator](http://www.tsawer.net)
dynamic content
Search:
* [![](http://tsawer.net/wpaggregator/wp-content/themes/ocular-professor/home.jpg)](http://tsawer.net)
* [Add album/Contact us](http://tsawer.net/add-blog-photo-album/)
* [News](http://tsawer.net/news/)
* [Reviews](http://tsawer.net/reviewstips/)
[bleumarie](http://www.flickr.com/people/marie_bousquet/) has added a photo to
the pool:
[![Le village derrière les
branches](http://farm8.staticflickr.com/7194/6851345311_6de6d09c6d_m.jpg)](http://www.flickr.com/photos/marie_bousquet/6851345311/
""Le village derrière les branches"")
[![Share](http://tsawer.net/wpaggregator/wp-content/plugins/add-to-
any/share_save_171_16.gif)](http://www.addtoany.com/share_save)
## Le village derrière les branches
* February 10th, 2012
* ## Tags cloud
[2008](http://tsawer.net/tag/2008/ ""515 topics"") [amateur
photographer](http://tsawer.net/tag/amateur-photographer/ ""2,320 topics"")
[baby](http://tsawer.net/tag/baby/ ""241 topics"")
[blue](http://tsawer.net/tag/blue/ ""275 topics"")
[car](http://tsawer.net/tag/car/ ""283 topics"")
[cat](http://tsawer.net/tag/cat/ ""324 topics"")
[con](http://tsawer.net/tag/con/ ""292 topics"") [ct](http://tsawer.net/tag/ct/
""1,203 topics"") [ds](http://tsawer.net/tag/ds/ ""1,108 topics"")
[el](http://tsawer.net/tag/el/ ""1,149 topics"")
[est](http://tsawer.net/tag/est/ ""332 topics"")
[flickr](http://tsawer.net/tag/flickr/ ""4,469 topics"")
[hot](http://tsawer.net/tag/hot/ ""5,162 topics"")
[ice](http://tsawer.net/tag/ice/ ""178 topics"")
[image](http://tsawer.net/tag/image/ ""439 topics"")
[la](http://tsawer.net/tag/la/ ""1,614 topics"")
[lady](http://tsawer.net/tag/lady/ ""401 topics"")
[man](http://tsawer.net/tag/man/ ""384 topics"") [me](http://tsawer.net/tag/me/
""1,397 topics"") [men](http://tsawer.net/tag/men/ ""501 topics"")
[mer](http://tsawer.net/tag/mer/ ""205 topics"") [nb](http://tsawer.net/tag/nb/
""338 topics"") [ol](http://tsawer.net/tag/ol/ ""1,617 topics"")
[one](http://tsawer.net/tag/one/ ""183 topics"")
[people](http://tsawer.net/tag/people/ ""4,450 topics"")
[photo](http://tsawer.net/tag/photo/ ""5,322 topics"")
[photos](http://tsawer.net/tag/photos/ ""5,157 topics"") [photos pictures
amateur photographer](http://tsawer.net/tag/photospicturesamateur-
photographer/ ""1,372 topics"") [pictures](http://tsawer.net/tag/pictures/
""2,370 topics"") [port](http://tsawer.net/tag/port/ ""192 topics"")
[q](http://tsawer.net/tag/q/ ""700 topics"") [ran](http://tsawer.net/tag/ran/
""407 topics"") [red](http://tsawer.net/tag/red/ ""275 topics"")
[riot](http://tsawer.net/tag/riot/ ""236 topics"")
[Tunis](http://tsawer.net/tag/tunis/ ""732 topics"")
[Tunisia](http://tsawer.net/tag/tunisia/ ""506 topics"")
[up](http://tsawer.net/tag/up/ ""327 topics"") [us](http://tsawer.net/tag/us/
""760 topics"") [vie](http://tsawer.net/tag/vie/ ""250 topics"")
[xt](http://tsawer.net/tag/xt/ ""189 topics"")
WP Cumulus Flash tag cloud by [Roy Tanck](http://www.roytanck.com) and [Luke
Morton](http://lukemorton.co.uk/) requires [Flash
Player](http://www.macromedia.com/go/getflashplayer) 9 or better.
* ## [Twits from 'photobabble'](http://twitter.com/photobabble)
* No public Twitter messages.
[Based on Ocular Professor](http://andreamignolo.com/themes/wordpress/ocular-
professor) § Powered by [WordPress](http://wordpress.org)
[ ![Site
Meter](http://s24.sitemeter.com/meter.asp?site=s24tsawer)](http://s24.sitemeter.com/stats.asp?site=s24tsawer)"
6	"[rss §](http://tsawer.net/feed/) [atom §](http://tsawer.net/feed/atom/)
[rdf](http://tsawer.net/feed/rdf/)
# [Photos aggregator](http://www.tsawer.net)
dynamic content
Search:
* [![](http://tsawer.net/wpaggregator/wp-content/themes/ocular-professor/home.jpg)](http://tsawer.net)
* [Add album/Contact us](http://tsawer.net/add-blog-photo-album/)
* [News](http://tsawer.net/news/)
* [Reviews](http://tsawer.net/reviewstips/)
[bleumarie](http://www.flickr.com/people/marie_bousquet/) has added a photo to
the pool:
[![Tourelle face au soleil
levant](http://farm8.staticflickr.com/7062/6851353771_5f6625fdd7_m.jpg)](http://www.flickr.com/photos/marie_bousquet/6851353771/
""Tourelle face au soleil levant"")
[![Share](http://tsawer.net/wpaggregator/wp-content/plugins/add-to-
any/share_save_171_16.gif)](http://www.addtoany.com/share_save)
## Tourelle face au soleil levant
* February 10th, 2012
* ## Tags cloud
[2008](http://tsawer.net/tag/2008/ ""515 topics"") [amateur
photographer](http://tsawer.net/tag/amateur-photographer/ ""2,320 topics"")
[baby](http://tsawer.net/tag/baby/ ""241 topics"")
[blue](http://tsawer.net/tag/blue/ ""275 topics"")
[car](http://tsawer.net/tag/car/ ""283 topics"")
[cat](http://tsawer.net/tag/cat/ ""324 topics"")
[con](http://tsawer.net/tag/con/ ""292 topics"") [ct](http://tsawer.net/tag/ct/
""1,203 topics"") [ds](http://tsawer.net/tag/ds/ ""1,108 topics"")
[el](http://tsawer.net/tag/el/ ""1,149 topics"")
[est](http://tsawer.net/tag/est/ ""332 topics"")
[flickr](http://tsawer.net/tag/flickr/ ""4,469 topics"")
[hot](http://tsawer.net/tag/hot/ ""5,162 topics"")
[ice](http://tsawer.net/tag/ice/ ""178 topics"")
[image](http://tsawer.net/tag/image/ ""439 topics"")
[la](http://tsawer.net/tag/la/ ""1,614 topics"")
[lady](http://tsawer.net/tag/lady/ ""401 topics"")
[man](http://tsawer.net/tag/man/ ""384 topics"") [me](http://tsawer.net/tag/me/
""1,397 topics"") [men](http://tsawer.net/tag/men/ ""501 topics"")
[mer](http://tsawer.net/tag/mer/ ""205 topics"") [nb](http://tsawer.net/tag/nb/
""338 topics"") [ol](http://tsawer.net/tag/ol/ ""1,617 topics"")
[one](http://tsawer.net/tag/one/ ""183 topics"")
[people](http://tsawer.net/tag/people/ ""4,450 topics"")
[photo](http://tsawer.net/tag/photo/ ""5,322 topics"")
[photos](http://tsawer.net/tag/photos/ ""5,157 topics"") [photos pictures
amateur photographer](http://tsawer.net/tag/photospicturesamateur-
photographer/ ""1,372 topics"") [pictures](http://tsawer.net/tag/pictures/
""2,370 topics"") [port](http://tsawer.net/tag/port/ ""192 topics"")
[q](http://tsawer.net/tag/q/ ""700 topics"") [ran](http://tsawer.net/tag/ran/
""407 topics"") [red](http://tsawer.net/tag/red/ ""275 topics"")
[riot](http://tsawer.net/tag/riot/ ""236 topics"")
[Tunis](http://tsawer.net/tag/tunis/ ""732 topics"")
[Tunisia](http://tsawer.net/tag/tunisia/ ""506 topics"")
[up](http://tsawer.net/tag/up/ ""327 topics"") [us](http://tsawer.net/tag/us/
""760 topics"") [vie](http://tsawer.net/tag/vie/ ""250 topics"")
[xt](http://tsawer.net/tag/xt/ ""189 topics"")
WP Cumulus Flash tag cloud by [Roy Tanck](http://www.roytanck.com) and [Luke
Morton](http://lukemorton.co.uk/) requires [Flash
Player](http://www.macromedia.com/go/getflashplayer) 9 or better.
* ## [Twits from 'photobabble'](http://twitter.com/photobabble)
* No public Twitter messages.
[Based on Ocular Professor](http://andreamignolo.com/themes/wordpress/ocular-
professor) § Powered by [WordPress](http://wordpress.org)
[ ![Site
Meter](http://s24.sitemeter.com/meter.asp?site=s24tsawer)](http://s24.sitemeter.com/stats.asp?site=s24tsawer)"
7	
8	"**_Information Business: Mistakes to Avoid When Creating Your First Ebook_**
Someone once said: ""you can't get it right the first time"" and he was right. I
did commit mistakes, some of which were costly, before I was able to publish
my first electronic book. In this article, it's my aim to help you at least
minimize those mistakes so you can make the whole thing manageable.
|
|
|
[ ![dating ebook by steven
ward](http://www.thegoodlife.info/make_money_online.jpg)
](http://www.amazon.com/gp/product/0982769601/ref=as_li_ss_tl?ie=UTF8&tag=hott0b3-20&linkCode=as2&camp=217145&creative=399369&creativeASIN=0982769601)
---|---|---
Read the rest of this Article [Here...](http://EzineArticles.com/6866670)
Money Online Related Articles:-
* [Twitter for Online Business](http://thegoodlife.info/money-online/twitter-for-online-business_102141989T53f_Feb2012.html)
* [Twitter - Game Changer of Internet Business](http://thegoodlife.info/money-online/twitter-game-changer-of-internet-business_102141969T33G_Feb2012.html)
* [The Internet Business Model For Passionate Entrepreneurs](http://thegoodlife.info/money-online/the-internet-business-model-for-passionate-en_102141910T33r_Feb2012.html)
* [Quality Content Is What Draws Thousands Of Visitors Daily](http://thegoodlife.info/money-online/quality-content-is-what-draws-thousands-of-vi_102141928Q44C_Feb2012.html)
* [Internet Marketing - Make Money Online](http://thegoodlife.info/money-online/internet-marketing-make-money-online_102141955I48t_Feb2012.html)
* [Guaranteed SEO - Getting the Internet Marketing Results You Are Looking For](http://thegoodlife.info/money-online/guaranteed-seo-getting-the-internet-marketin_10214193G25e_Feb2012.html)
* [Social Media Engagement: Future Trends](http://thegoodlife.info/money-online/social-media-engagement-future-trends_10281690S29e_Feb2012.html)
[Terms of use & Privacy policy](privacyterms.htm)"
